Feature,Mean,Std
NDVI,1.0189332544279786,0.06384754250802754
AirTemp,0.1083207057357396,0.005698059313769799
Elevation,0.07786047415400124,0.004750770046912456
NDBI,0.03886465515724201,0.002675944482214102
Slope,0.00903459960143725,0.0013484350762033026
